{"cameraMode":{"drawMode":0,"name":"Shaded","section":"Shading Mode"},"sceneLighting":false,"audioPlay":false,"sceneViewState":{"showFog":true,"showMaterialUpdate":false,"showSkybox":true,"showFlares":true,"showImageEffects":true,"showParticleSystems":true},"in2DMode":false,"pivot":{"x":-14.104028701782227,"y":12.295376777648926,"z":-23.28298568725586},"rotation":{"x":0.018315313383936883,"y":0.9760192036628723,"z":0.09072742611169815,"w":-0.19703494012355805},"size":51.94282913208008,"orthographic":false}