{"cameraMode":{"drawMode":0,"name":"Shaded","section":"Shading Mode"},"sceneLighting":false,"audioPlay":false,"sceneViewState":{"showFog":true,"showMaterialUpdate":false,"showSkybox":true,"showFlares":true,"showImageEffects":true,"showParticleSystems":true},"in2DMode":false,"pivot":{"x":2.8882393836975099,"y":2.425084114074707,"z":2.860293388366699},"rotation":{"x":-0.13770616054534913,"y":0.3155430257320404,"z":-0.04633813351392746,"w":-0.937722384929657},"size":43.40229034423828,"orthographic":false}