{"cameraMode":{"drawMode":0,"name":"Shaded","section":"Shading Mode"},"sceneLighting":false,"audioPlay":false,"sceneViewState":{"showFog":true,"showMaterialUpdate":false,"showSkybox":true,"showFlares":true,"showImageEffects":true,"showParticleSystems":true},"in2DMode":false,"pivot":{"x":8.803817749023438,"y":-9.520491600036621,"z":-2.578896999359131},"rotation":{"x":-0.16254612803459168,"y":0.8436954617500305,"z":-0.35795602202415469,"w":-0.366741418838501},"size":16.42742347717285,"orthographic":false}